not buy,-1.0
not worth,-1.0
stopped working,-1.0
not recommend,-1.0
your money,-1.0
return it,-1.0
tech support,-1.0
customer service,-1.0
told me,-1.0
piece of,-1.0
i called,-1.0
to return,-1.0
after the,-1.0
would not,-1.0
to fix,-1.0
returned it,-1.0
it back,-1.0
tried to,-1.0
i returned,-1.0
to send,-1.0
not work,-1.0
not even,-1.0
buy this,-1.0
i tried,-1.0
every time,-1.0
try to,-1.0
then it,-1.0
they would,-1.0
away from,-1.0
the problem,-1.0
i should,-1.0
buy another,-1.0
back to,-1.0
time i,-1.0
worked fine,-1.0
trying to,-1.0
and now,-1.0
no longer,-1.0
do not,-1.0
will not,-1.0
could not,-1.0
a different,-1.0
from this,-1.0
get it,-1.0
the second,-1.0
new one,-1.0
you buy,-1.0
it did,-1.0
at all,-1.0
did not,-1.0
buy a,-1.0
a replacement,-1.0
and then,-1.0
pay for,-1.0
you pay,-1.0
thought it,-1.0
that they,-1.0
was not,-1.0
should have,-1.0
there was,-1.0
is too,-1.0
ended up,-1.0
to work,-1.0
not get,-1.0
went to,-1.0
this problem,-1.0
the next,-1.0
this item,-1.0
got a,-1.0
i thought,-1.0
work with,-1.0
a new,-1.0
the first,-1.0
the printer,-1.0
when it,-1.0
it only,-1.0
back and,-1.0
i received,-1.0
and get,-1.0
can only,-1.0
after i,-1.0
does not,-1.0
bought the,-1.0
even though,-1.0
can not,-1.0
the item,-1.0
it worked,-1.0
the end,-1.0
it would,-1.0
on this,-1.0
it just,-1.0
buy it,-1.0
the box,-1.0
the product,-1.0
after a,-1.0
when the,-1.0
a week,-1.0
to pay,-1.0
to try,-1.0
me a,-1.0
they do,-1.0
purchased the,-1.0
less than,-1.0
purchased this,-1.0
they have,-1.0
of them,-1.0
read the,-1.0
this printer,-1.0
for about,-1.0
is only,-1.0
but after,-1.0
i will,-1.0
and was,-1.0
not very,-1.0
is no,-1.0
the device,-1.0
am not,-1.0
a year,-1.0
this product,-1.0
then the,-1.0
is to,-1.0
but when,-1.0
than a,-1.0
worked great,-1.0
fine for,-1.0
a bad,-1.0
and when,-1.0
i purchased,-1.0
this was,-1.0
it had,-1.0
this device,-1.0
had to,-1.0
the unit,-1.0
i know,-1.0
the player,-1.0
the reviews,-1.0
and if,-1.0
if it,-1.0
the time,-1.0
the same,-1.0
i could,-1.0
if they,-1.0
the left,-1.0
i guess,-1.0
i finally,-1.0
get a,-1.0
kind of,-1.0
got it,-1.0
the plastic,-1.0
problem is,-1.0
that will,-1.0
problems with,-1.0
was very,-1.0
they were,-1.0
was the,-1.0
supposed to,-1.0
would have,-1.0
like i,-1.0
of time,-1.0
but this,-1.0
but the,-1.0
just a,-1.0
is not,-1.0
since the,-1.0
i gave,-1.0
will be,-1.0
this model,-1.0
out of,-1.0
at least,-1.0
i still,-1.0
buy the,-1.0
what you,-1.0
and will,-1.0
the whole,-1.0
and that,-1.0
have no,-1.0
got the,-1.0
the last,-1.0
of these,-1.0
it will,-1.0
problem with,-1.0
because it,-1.0
it was,-1.0
to replace,-1.0
a month,-1.0
the new,-1.0
from the,-1.0
first time,-1.0
to give,-1.0
them for,-1.0
i ordered,-1.0
i bought,-1.0
based on,-1.0
going to,-1.0
now i,-1.0
the batteries,-1.0
that was,-1.0
bought a,-1.0
to get,-1.0
before i,-1.0
this thing,-1.0
because the,-1.0
that this,-1.0
not the,-1.0
it to,-1.0
other reviews,-1.0
i took,-1.0
and not,-1.0
are not,-1.0
and they,-1.0
difficult to,-1.0
since it,-1.0
i got,-1.0
up and,-1.0
up with,-1.0
i had,-1.0
be a,-1.0
unless you,-1.0
one that,-1.0
go to,-1.0
bought this,-1.0
until i,-1.0
how to,-1.0
i paid,-1.0
it seems,-1.0
to buy,-1.0
if i,-1.0
get the,-1.0
but not,-1.0
when i,-1.0
in it,-1.0
make it,-1.0
the software,-1.0
i wish,-1.0
this player,-1.0
the radio,-1.0
the screen,-1.0
i get,-1.0
i was,-1.0
the mouse,-1.0
it could,-1.0
by the,-1.0
all of,-1.0
the cable,-1.0
not be,-1.0
bought it,-1.0
as a,-1.0
be able,-1.0
or the,-1.0
them to,-1.0
to be,-1.0
and all,-1.0
to turn,-1.0
it with,-1.0
that it,-1.0
in order,-1.0
it and,-1.0
of this,-1.0
a few,-1.0
not have,-1.0
on it,-1.0
i went,-1.0
found that,-1.0
not to,-1.0
had it,-1.0
there is,-1.0
the card,-1.0
to play,-1.0
off the,-1.0
then i,-1.0
one of,-1.0
figure out,-1.0
it does,-1.0
it on,-1.0
the battery,-1.0
the computer,-1.0
at first,-1.0
me to,-1.0
in the,-1.0
i only,-1.0
able to,-1.0
to connect,-1.0
was able,-1.0
in this,-1.0
way to,-1.0
decided to,-1.0
hard drive,-1.0
for some,-1.0
that the,-1.0
should be,-1.0
top of,-1.0
i put,-1.0
from a,-1.0
so if,-1.0
the volume,-1.0
over a,-1.0
to me,-1.0
that is,-1.0
time and,-1.0
i used,-1.0
of use,-1.0
i ca,-1.0
for this,-1.0
as i,-1.0
it took,-1.0
so i,-1.0
up the,-1.0
to have,-1.0
find a,-1.0
to make,-1.0
such a,-1.0
to spend,-1.0
seems to,-1.0
been a,-1.0
but they,-1.0
you should,-1.0
of all,-1.0
a better,-1.0
as it,-1.0
to find,-1.0
and there,-1.0
or so,-1.0
which i,-1.0
in fact,-1.0
on amazon,-1.0
the power,-1.0
had the,-1.0
to purchase,-1.0
my computer,-1.0
because i,-1.0
that there,-1.0
to see,-1.0
if the,-1.0
through the,-1.0
product is,-1.0
is fine,-1.0
not as,-1.0
would be,-1.0
this case,-1.0
but that,-1.0
bought these,-1.0
may be,-1.0
most of,-1.0
for a,-1.0
for it,-1.0
have had,-1.0
have to,-1.0
give it,-1.0
the other,-1.0
the right,-1.0
due to,-1.0
it from,-1.0
of the,-1.0
the picture,-1.0
with no,-1.0
the one,-1.0
on the,-1.0
and even,-1.0
the headphones,-1.0
put it,-1.0
it for,-1.0
the manual,-1.0
we have,-1.0
has been,-1.0
seem to,-1.0
part of,-1.0
about this,-1.0
and do,-1.0
around the,-1.0
when you,-1.0
you have,-1.0
the cord,-1.0
to the,-1.0
not a,-1.0
from my,-1.0
hard to,-1.0
you get,-1.0
and would,-1.0
not sure,-1.0
long as,-1.0
as long,-1.0
a decent,-1.0
make a,-1.0
where the,-1.0
so that,-1.0
to do,-1.0
a couple,-1.0
couple of,-1.0
it in,-1.0
more than,-1.0
what i,-1.0
to listen,-1.0
have the,-1.0
that came,-1.0
having to,-1.0
and the,-1.0
of a,-1.0
it should,-1.0
to keep,-1.0
i read,0.0
look at,0.0
has the,1.0
with these,1.0
there are,1.0
this unit,1.0
if you,1.0
but it,1.0
i did,1.0
out and,1.0
but i,1.0
all the,1.0
i would,1.0
it up,1.0
i want,1.0
that i,1.0
these headphones,1.0
to take,1.0
have a,1.0
any other,1.0
works fine,1.0
where i,1.0
was a,1.0
i found,1.0
i just,1.0
since i,1.0
it out,1.0
it can,1.0
at the,1.0
of it,1.0
used it,1.0
but you,1.0
that has,1.0
for that,1.0
and it,1.0
years ago,1.0
be the,1.0
on my,1.0
a problem,1.0
you want,1.0
with a,1.0
a while,1.0
because of,1.0
they are,1.0
had this,1.0
of course,1.0
the speakers,1.0
about a,1.0
with the,1.0
the original,1.0
so the,1.0
had a,1.0
this one,1.0
and i,1.0
this for,1.0
i am,1.0
using a,1.0
the sound,1.0
i do,1.0
come with,1.0
time to,1.0
in a,1.0
to it,1.0
have been,1.0
in and,1.0
the camera,1.0
much better,1.0
want to,1.0
it as,1.0
the case,1.0
to my,1.0
the main,1.0
use the,1.0
out there,1.0
to a,1.0
without the,1.0
see the,1.0
the most,1.0
to put,1.0
good for,1.0
with this,1.0
thing is,1.0
the fact,1.0
with my,1.0
i have,1.0
it looks,1.0
fact that,1.0
came with,1.0
out the,1.0
of my,1.0
over the,1.0
i decided,1.0
with an,1.0
have an,1.0
you ca,1.0
to hold,1.0
unit is,1.0
for an,1.0
one is,1.0
find the,1.0
it is,1.0
i also,1.0
and my,1.0
wanted to,1.0
on a,1.0
on and,1.0
into the,1.0
that you,1.0
as you,1.0
to install,1.0
too much,1.0
sound quality,1.0
the way,1.0
the remote,1.0
is just,1.0
to go,1.0
i need,1.0
using it,1.0
is so,1.0
to say,1.0
to this,1.0
it a,1.0
which is,1.0
quality of,1.0
you are,1.0
all my,1.0
for you,1.0
some of,1.0
as the,1.0
my laptop,1.0
to fit,1.0
the bottom,1.0
use this,1.0
lot of,1.0
for me,1.0
instead of,1.0
and you,1.0
the back,1.0
is good,1.0
amount of,1.0
is also,1.0
them in,1.0
about the,1.0
that would,1.0
about it,1.0
listening to,1.0
could be,1.0
the top,1.0
make sure,1.0
is that,1.0
a lot,1.0
pair of,1.0
i wanted,1.0
quality is,1.0
think it,1.0
and does,1.0
with it,1.0
i expected,1.0
the quality,1.0
with all,1.0
but if,1.0
this to,1.0
i can,1.0
got this,1.0
a good,1.0
say that,1.0
such as,1.0
my old,1.0
is in,1.0
close to,1.0
and had,1.0
pretty good,1.0
use a,1.0
is really,1.0
is quite,1.0
the front,1.0
the money,1.0
in my,1.0
while i,1.0
worth the,1.0
this camera,1.0
like the,1.0
you could,1.0
and a,1.0
for the,1.0
other than,1.0
and this,1.0
a very,1.0
to set,1.0
one i,1.0
need to,1.0
is still,1.0
up to,1.0
you will,1.0
i think,1.0
to use,1.0
need a,1.0
at a,1.0
like a,1.0
into a,1.0
a big,1.0
my new,1.0
so it,1.0
are a,1.0
my first,1.0
for your,1.0
at this,1.0
it also,1.0
you to,1.0
and have,1.0
like to,1.0
can get,1.0
has a,1.0
i really,1.0
a small,1.0
have not,1.0
it has,1.0
of your,1.0
is much,1.0
is a,1.0
the bass,1.0
this is,1.0
picture quality,1.0
what it,1.0
camera is,1.0
more expensive,1.0
using this,1.0
just fine,1.0
using the,1.0
than the,1.0
it takes,1.0
used to,1.0
looking for,1.0
so you,1.0
are the,1.0
the extra,1.0
on your,1.0
use it,1.0
battery life,1.0
take a,1.0
good and,1.0
these are,1.0
listen to,1.0
as well,1.0
the lens,1.0
set of,1.0
like it,1.0
enough to,1.0
as much,1.0
you do,1.0
and can,1.0
sound is,1.0
one for,1.0
for my,1.0
you need,1.0
it works,1.0
set up,1.0
it comes,1.0
is pretty,1.0
compared to,1.0
is the,1.0
but for,1.0
that are,1.0
well as,1.0
you can,1.0
are very,1.0
the size,1.0
in all,1.0
and has,1.0
is an,1.0
bit of,1.0
the pictures,1.0
a long,1.0
is very,1.0
camera and,1.0
to your,1.0
a little,1.0
is my,1.0
lots of,1.0
and is,1.0
in your,1.0
than that,1.0
the only,1.0
now and,1.0
had no,1.0
a bit,1.0
have it,1.0
a nice,1.0
have used,1.0
like this,1.0
my camera,1.0
so much,1.0
thing i,1.0
long time,1.0
much more,1.0
i needed,1.0
only thing,1.0
the price,1.0
as good,1.0
i find,1.0
makes it,1.0
comes with,1.0
better than,1.0
recommend this,1.0
works well,1.0
can be,1.0
good as,1.0
been using,1.0
and use,1.0
the job,1.0
i like,1.0
great for,1.0
i use,1.0
use and,1.0
so far,1.0
very well,1.0
am very,1.0
happy with,1.0
my wife,1.0
very good,1.0
recommend it,1.0
to carry,1.0
quality and,1.0
no problems,1.0
love the,1.0
this lens,1.0
pleased with,1.0
digital camera,1.0
is great,1.0
a great,1.0
to anyone,1.0
very happy,1.0
would recommend,1.0
easy to,1.0
the best,1.0
works great,1.0
i love,1.0
very easy,1.0
is easy,1.0
very pleased,1.0
highly recommend,1.0
